{"step": [1, 2, 3, 4, 5, 6, 7, 8, 9, 10, 11, 12, 13, 14, 15, 16, 17, 18, 19, 20, 21, 22, 23, 24, 25, 26, 27, 28, 29, 30, 31, 32, 33, 34, 35, 36, 37, 38, 39, 40, 41, 42, 43, 44, 45, 46, 47, 48, 49, 50], "train_loss": [2.0077083994025346, 1.5809515884233716, 1.333984250680449, 1.1805853138201516, 1.0520762074880063, 0.9450122417602264, 0.8631386241122334, 0.7892281885664452, 0.7356261950882211, 0.685042245743149, 0.6485860776240981, 0.6146259566511795, 0.5824727026508253, 0.5555638578099981, 0.5260571615981738, 0.5055919538595826, 0.4798450204564968, 0.46053283156796, 0.4428376265842473, 0.4232381994472831, 0.44873890676500333, 0.3883770860686378, 0.3791879464221474, 0.35442946848420415, 0.3411995953320609, 0.32637764901284566, 0.3131132965740693, 0.3014827258771848, 0.2843100147297795, 0.27446219354178275, 0.2599307845012929, 0.24780949954051604, 0.2390241880063109, 0.2278168861653899, 0.21413144864505762, 0.2048342361161556, 0.24202865429013426, 0.1844580000843563, 0.17376485681627651, 0.16464046201609114, 0.15489558845282178, 0.145200711131599, 0.13811622784658137, 0.12958999903100982, 0.12152475404640736, 0.11896330711579485, 0.10909589452977551, 0.10360688934076509, 0.092746712575131, 0.0888701291266922], "train_f1": [0.2130282522022947, 0.41672076019615195, 0.5179037006981628, 0.5830030937080928, 0.6353177455891573, 0.6778069226308705, 0.70805647379397, 0.7355938523599489, 0.751942134423118, 0.7707005867891396, 0.7828201860117248, 0.7963820829891751, 0.805885560043916, 0.8148816758773826, 0.8234326121843024, 0.829459735714564, 0.8380283428735116, 0.8458240222621772, 0.8529889557088143, 0.8577535835574457, 0.8549725211710157, 0.8696760980742516, 0.8729059614648834, 0.8806662067269067, 0.8839350622082075, 0.8888764554741732, 0.893611243467651, 0.897058611294645, 0.902521623467676, 0.9072272593044665, 0.9101837651174927, 0.9148929194416452, 0.9172583560201832, 0.9228893844509174, 0.9277363131436572, 0.9306898731206081, 0.9220022190161178, 0.9379658563257254, 0.941606705341952, 0.9443769724407193, 0.9471295536001203, 0.950460325189173, 0.9530963820364597, 0.9568572575581057, 0.9593068594846386, 0.9610475659577424, 0.9650099283081064, 0.9653931222943349, 0.9703167299476227, 0.972007740246768], "train_acc": [0.2992763079843398, 0.465250919444774, 0.5440265749199193, 0.5989559852888836, 0.6460790129315459, 0.6838533633883023, 0.7125163127298612, 0.7386166805077707, 0.7544429944240123, 0.7725471586190533, 0.7845533277968917, 0.7978645153636256, 0.8072131925495314, 0.8161110452010915, 0.8245343457112351, 0.8304662474789417, 0.8388420927749436, 0.8465772926800332, 0.8537193024083521, 0.858393641001305, 0.8557361490093724, 0.8701625341084351, 0.8734606714912801, 0.8811958713963697, 0.8843516431367896, 0.8891920749792384, 0.8939375963934038, 0.8973069165974611, 0.9027879938308222, 0.9074386048167042, 0.9103808280934867, 0.9151263495076521, 0.917475382607664, 0.9230276426622375, 0.927891802111757, 0.9308102977814687, 0.9222446316289002, 0.938047217938071, 0.9417012694269783, 0.9444299442401234, 0.9472060742674101, 0.9505279392573259, 0.9531617036421877, 0.9569106655593783, 0.9593308814806026, 0.9610867244038439, 0.965049234784672, 0.9654051488907344, 0.9703404911614664, 0.9720251512634951], "val_loss": [2.176861545767645, 2.2918321438113956, 2.9489161980879404, 2.102459801603059, 1.4586950399831373, 4.239884125459099, 1.398427848316314, 2.858443710468808, 0.7303508995224374, 0.6842076139677741, 0.7460589997806347, 0.6754541939386323, 0.6403037263006367, 0.7510476102879572, 0.5805792089166313, 0.5672731004279867, 0.5707936527637335, 0.6052622569018397, 1.4221733738952353, 17.76087709320635, 0.4899003524679088, 2.453143826530214, 0.4909241976171969, 0.46847565096632554, 0.5532239144495058, 0.8183778725584243, 2.92762815319891, 0.5213059702349594, 0.45847272102175085, 0.5190857146281146, 0.44843322259994023, 0.47534146893087686, 0.488509946796717, 0.4878733763248914, 0.46247223796278475, 11.491908390895125, 0.45086341496527355, 0.45956344786902953, 0.4774472166633416, 0.4785599590202581, 0.48085134942331587, 0.4713333520139086, 0.49187400396567443, 0.47142644209752665, 1.3971415168410588, 0.5250550096740931, 0.5167885215987578, 0.5026794824976504, 0.5109163529242066, 0.5055328426877684], "val_f1": [0.19232788791944588, 0.17203678159402477, 0.25477036284534116, 0.37690088198092453, 0.4402867550768878, 0.2163436721158376, 0.590106080255383, 0.3855733477065772, 0.7605281142787386, 0.7692797370952158, 0.7618819643013536, 0.7776157373687099, 0.7864219025288456, 0.7579098327716195, 0.8104585118723107, 0.8141482679422709, 0.8122421130251988, 0.8255061101246443, 0.6176233113535393, 0.015752600837651863, 0.843736636641347, 0.6246286231982613, 0.8418947118664044, 0.8532492111020143, 0.8253244072497603, 0.7650230182587533, 0.530078659727017, 0.8333644498701739, 0.8587817532979249, 0.8487549669641685, 0.8614201691885411, 0.8546056892287813, 0.8552349594711686, 0.8537342926818747, 0.8661968295942063, 0.2644923304569344, 0.8692788464819906, 0.8712003555601365, 0.8627217180959499, 0.8729045368620183, 0.87182876300211, 0.8715945084101108, 0.8709329009974071, 0.8772871376842893, 0.7429967563177843, 0.8681082201591608, 0.8748792719195405, 0.8755527201478912, 0.8797921853739689, 0.8818073010858095], "val_acc": [0.3145918113113529, 0.26816709575616643, 0.2897599867120671, 0.3214018769205216, 0.4635827589070675, 0.17182958226060957, 0.6115771115355867, 0.4407441242421726, 0.7604850095507018, 0.7740220911884395, 0.7638900423552861, 0.7774271239930238, 0.79129640395316, 0.7558342330371232, 0.8109791545552695, 0.8163773772942446, 0.8149655344240512, 0.8230213437422141, 0.5866622373557013, 0.05680591313013869, 0.8432854414085209, 0.6379038285856656, 0.8422888464413255, 0.8527530935968773, 0.8280873681587908, 0.7728593970600448, 0.5459679428618885, 0.8377211195083465, 0.8594801096254464, 0.8467735237937049, 0.8630512415912299, 0.8574869196910555, 0.8558259280790632, 0.853915787725272, 0.8652105306868201, 0.3608504277053401, 0.8701104559421975, 0.8706087534257952, 0.8627190432688315, 0.8724358441989868, 0.8720205962959887, 0.8729341416825845, 0.870442654264596, 0.8770035711319658, 0.7283448218586496, 0.8670376214600116, 0.8744290341333776, 0.8764222240677685, 0.8804916535171498, 0.8815712980649447]}