{"step": [1, 2, 3, 4, 5, 6, 7, 8, 9, 10, 11, 12, 13, 14, 15, 16, 17, 18, 19, 20, 21, 22, 23, 24, 25, 26, 27, 28, 29, 30, 31, 32, 33, 34, 35, 36, 37, 38, 39, 40, 41, 42, 43, 44, 45, 46, 47, 48, 49, 50], "train_loss": [0.15183747505270262, 0.11488775892836099, 0.10726410294183401, 0.10109818696676103, 0.09637050885793347, 0.09207608318733608, 0.08807309550672701, 0.08471125745806668, 0.08106335570675986, 0.07813797307968116, 0.07489599927917846, 0.07195879617603128, 0.0691234664051696, 0.06645196401600674, 0.06362383233663119, 0.061227912291720483, 0.0586818134128109, 0.056106681849149284, 0.053768141197872016, 0.05193825276564645, 0.049967395141014156, 0.04851410410413589, 0.046817763101193656, 0.04549444688159735, 0.04411022993923802, 0.042827999836566225, 0.04142620745148547, 0.04028180680995205, 0.03910949583057942, 0.03804426872519824, 0.03748623256950338, 0.03766180576226796, 0.035539345406115974, 0.034234816209895026, 0.033394487299689635, 0.03286318626991093, 0.03211493712174388, 0.031206413307458613, 0.030778815405766942, 0.02996181337417588, 0.02957594464179722, 0.028782357323783335, 0.028246197479597557, 0.0276700806818487, 0.02721829083606838, 0.026629111267787393, 0.02629552368863948, 0.025543858613424945, 0.025962711931404137, 0.02518645358237979], "train_acc": [0.7972238699727132, 0.854146399335627, 0.8621663305255665, 0.8708031794993475, 0.8754775180923003, 0.8821449756792028, 0.8873650492347847, 0.8915173804721794, 0.8976628307035236, 0.901981255190414, 0.9065606833550837, 0.9094791790247954, 0.9134416894056234, 0.9172855617510974, 0.9209870684541464, 0.9236920156602206, 0.9281053505753944, 0.9316407640289477, 0.9363151026219005, 0.9392098706845414, 0.9436943884209278, 0.9464705184482145, 0.9497923834381302, 0.9522837821805671, 0.9540396251038082, 0.9559141060624036, 0.9592122434452486, 0.9604698066200024, 0.9611579072250563, 0.9632933918614308, 0.9636967611816348, 0.9634594851109266, 0.9665203464230633, 0.9674457230988255, 0.9687270138806502, 0.9696049353422708, 0.9709811365523787, 0.9715980543362202, 0.9720726064776367, 0.9730217107604698, 0.9737572665796654, 0.9748724641119944, 0.97532328864634, 0.9764384861786689, 0.9767469450705897, 0.9774587732827145, 0.9777672321746352, 0.9785027879938308, 0.978621426029185, 0.9791434333847432], "train_f1": [0.8748462304493, 0.9061655650368652, 0.9109690867013043, 0.916250096131662, 0.9190023459686381, 0.9231768618049648, 0.9264316156528477, 0.9289775375151459, 0.9328642809333313, 0.9356652286991326, 0.9384418182955043, 0.9403169537397725, 0.9428678819770719, 0.9453313678135684, 0.9477368321928558, 0.9494435012261837, 0.9523105011332158, 0.954553341851624, 0.9576000758269881, 0.9594825404858299, 0.9623721557123602, 0.9642086559208022, 0.9663860206513105, 0.9680159045725646, 0.9691565420932787, 0.9704008156502899, 0.9725859181883423, 0.9734171559867245, 0.9738827996617687, 0.9753068684256732, 0.9755692523871874, 0.975402504472272, 0.9774553821081056, 0.9780683525688162, 0.9789355921368068, 0.9795076066612276, 0.9804279290092339, 0.9808446286546432, 0.9811634792350165, 0.9818047976443854, 0.9822989020838001, 0.9830459632102204, 0.9833541406575115, 0.9841030977347315, 0.984309958373359, 0.9847961078035977, 0.9849914305393154, 0.98548588638621, 0.9855680671461293, 0.9859100745371484], "val_loss": [0.12079065110761703, 0.19095767231099803, 0.09955282237588253, 0.11872046435404994, 0.09155092661365352, 0.11881571508627829, 0.10219062913199319, 0.08696301291333586, 0.08286509525762076, 0.07926616510401038, 0.09508461840401357, 0.07106838961050349, 0.2096056369002365, 0.06522838377075106, 0.06714302019045666, 0.3131042816515627, 0.06135171535239612, 0.07006587208167153, 0.05410955966121717, 0.052739432684345965, 0.08268270605498189, 0.05256665942681563, 0.04949373886265868, 0.04666086519013507, 0.0454846937654031, 0.043952213560752275, 0.04261008170569212, 0.05960814301072761, 0.04244378702690336, 0.051203838858348304, 0.2334098504456032, 0.04194516561732724, 0.06190370657142815, 0.045964430995404086, 0.037498928685561414, 0.04420229843978224, 0.038240226982433144, 0.03472815358897656, 0.03534947051506104, 0.03482212458764369, 0.03502975612760222, 0.05746665286685807, 0.047607557188512, 0.03848191093287828, 0.03322141776503674, 0.03893270917898859, 0.053609866540216954, 0.03297887287357086, 0.46104419682006936, 0.030349359270778118], "val_acc": [0.8421227472801263, 0.7638069927746864, 0.8751764803587742, 0.8396312598621377, 0.8843119342247322, 0.8444481355369156, 0.8665393239764139, 0.8985964620878665, 0.9013370982476538, 0.908479362179221, 0.8802425047753509, 0.9087285109210198, 0.7679594718046674, 0.9179470143675774, 0.9189436093347728, 0.7251889377958641, 0.9196910555601694, 0.9188605597541732, 0.934556930487501, 0.945436425546051, 0.9048251806328378, 0.9506685491238269, 0.9514990449298231, 0.9497550037372311, 0.9557345735404036, 0.9527447886388174, 0.960219250892783, 0.9418652935802674, 0.9559006727016028, 0.9486753591894361, 0.8200315588406278, 0.9573125155717963, 0.9385433103562827, 0.9612158458599784, 0.9659496719541566, 0.9598040029897849, 0.961298895440578, 0.967610663566149, 0.9653683248899593, 0.9681920106303463, 0.9686072585333444, 0.9621293912465742, 0.9505024499626277, 0.9703512997259364, 0.9691886055975417, 0.9639564820197658, 0.93912465742048, 0.9709326467901337, 0.3017191263184121, 0.9723444896603272], "val_f1": [0.9018838709677419, 0.8613899990252462, 0.9191283292978208, 0.9011416577074695, 0.9236084452975047, 0.903874775468309, 0.9065969195001453, 0.9316387660265383, 0.933378196500673, 0.9387845794911677, 0.9241611444199012, 0.9405142083897158, 0.8635075720566683, 0.946052200502348, 0.9469219055906025, 0.7750662769356264, 0.9472478315421963, 0.9441299250872076, 0.9566222613673896, 0.963420744947386, 0.9389125799573561, 0.9668267619792248, 0.9672425398249944, 0.9664019547953574, 0.970324592171928, 0.9683343536089932, 0.9731967992837558, 0.9617319046577739, 0.970465543133656, 0.9660626029654036, 0.8900167487184693, 0.9715077605321508, 0.9596510359869138, 0.9740569968335092, 0.9768857819370842, 0.9731588287488908, 0.9741369741369741, 0.9780948101550213, 0.9767597391740511, 0.9784746810543472, 0.9788708775852432, 0.9747172322022621, 0.967285102645735, 0.9799831791421363, 0.9792424327197449, 0.9758888888888889, 0.9601045011701954, 0.9802816901408451, 0.0929881337648328, 0.9812910837687511]}