{"step": [1, 2, 3, 4, 5, 6, 7, 8, 9, 10, 11, 12, 13, 14, 15, 16, 17, 18, 19, 20, 21, 22, 23, 24, 25, 26, 27, 28, 29, 30, 31, 32, 33, 34, 35, 36, 37, 38, 39, 40, 41, 42, 43, 44, 45, 46, 47, 48, 49, 50], "train_loss": [2.0972037492521776, 1.6663093125241952, 1.4055033615253043, 1.2338271426465612, 1.079563015139632, 0.9457410155066026, 0.8538374346599245, 0.7888686186388919, 0.7351902839261558, 0.6952229437290454, 0.6536983401198382, 0.624048260358711, 0.5941105847265206, 0.5637888019545036, 0.5431613164758781, 0.519113315055983, 0.49567836762950884, 0.4742083945941138, 0.45713249038062964, 0.43873750495313985, 0.4261784350001652, 0.4081847004830776, 0.3895465225381133, 0.37771315514364723, 0.359659721154116, 0.3492239131347129, 0.33598245856408854, 0.3216326970864622, 0.30877647677319214, 0.29424346995350625, 0.2874951407590149, 0.2722549145489593, 0.2644658013101825, 0.2518231809000851, 0.24195051239563153, 0.22883411091093986, 0.2202274788178742, 0.21036513305054852, 0.2012268451318314, 0.1921670085839904, 0.18267897403269423, 0.1732438829851455, 0.16149493163284317, 0.15941847291831754, 0.1455596868675375, 0.13818879558832622, 0.13248556992807978, 0.12300086117246725, 0.12082828431206652, 0.11750650687202796], "train_f1": [0.15380374919602413, 0.373595961535223, 0.48099863610634586, 0.5539762580985684, 0.6143830636186606, 0.6645934779962068, 0.7017149699508096, 0.7251807050022624, 0.7452772594522074, 0.7580344279470125, 0.7745098145506513, 0.7829414513979628, 0.7949195265536246, 0.8071025821553488, 0.8121575505669416, 0.8194378265960306, 0.8280475502539759, 0.8361049440616092, 0.8403078332995344, 0.8463062721831859, 0.8519929490804736, 0.8577837696093942, 0.8645355335451804, 0.8685848471646147, 0.8748296321253414, 0.8779984217011931, 0.8815294150532954, 0.8881477854411088, 0.8929339596744841, 0.8981808873198914, 0.900064018814799, 0.9042338038273718, 0.9068875659397626, 0.9107578227635829, 0.9144161880033211, 0.9195969030370786, 0.9228513617192283, 0.9252939377054289, 0.9284682951128939, 0.9312037085091757, 0.936151381042413, 0.9399362569014333, 0.9429298295371934, 0.9439918236016481, 0.9495619349565818, 0.9516596593548479, 0.9538216364318106, 0.9575576302877564, 0.9580643784408517, 0.9599529724875345], "train_acc": [0.2915255330817123, 0.4266589244814349, 0.5085002742023936, 0.5716958611568115, 0.6249556437304429, 0.6700538727055712, 0.7051840381947805, 0.7276041162618149, 0.7472176521823285, 0.7595083712377818, 0.7757024420142585, 0.7841543275589535, 0.7956708280912288, 0.8077357334107552, 0.8127681538114133, 0.8199619342559438, 0.8284460789057712, 0.8365431142940095, 0.8405432433304301, 0.8466402142004581, 0.8523178167037646, 0.8579954192070712, 0.8646730539694829, 0.8687699603213007, 0.8750927449272558, 0.878157359914836, 0.8817381205845349, 0.888286718926417, 0.8930610664860157, 0.8983515597277332, 0.9001580696151489, 0.904351753282364, 0.9069647407980903, 0.9108680925191135, 0.9145133713990774, 0.9196748282202651, 0.9229652569437724, 0.9253524307235718, 0.9285460821316817, 0.9312558469628053, 0.9362237491531985, 0.9399658053485597, 0.942965902125875, 0.944030452595245, 0.9496112777831544, 0.9517081196167618, 0.9538372205555018, 0.957579276750863, 0.9580954224329817, 0.9599664505306623], "val_loss": [1.9657174615653414, 1.5175243895837116, 1.2857125971721828, 1.1596274825640103, 1.0103647758384044, 0.9054833529012728, 0.8249118061272246, 0.7966307013258607, 0.794907909115299, 0.6836970027818576, 0.7052434166415934, 0.6709024224040311, 0.6351877315380082, 0.6302397634686115, 0.6813756084399103, 0.5825397328671996, 0.6043544128698563, 0.7316336362262925, 0.5434815830379617, 0.52185743745914, 0.5572057969410927, 0.5088436033859149, 0.5050867299956104, 0.5102092618331152, 0.5388107453657832, 0.5510898097973007, 0.4901331844420209, 0.6575772779512922, 0.5247772668458064, 0.48462712420453236, 0.5234733183031047, 0.4851860081783701, 0.5201393332507206, 0.4593358611425768, 0.526910697563891, 0.4646490890304104, 0.5309456103760413, 0.48739162883603615, 0.5101962600454741, 0.6740672699434662, 0.49909344926099913, 0.5749253438052718, 0.5179523565278586, 0.4837267863083402, 0.5633176018077114, 0.5109223720452846, 0.499358182752821, 0.5844711829985523, 0.5713086338707041, 0.5497145555940346], "val_f1": [0.1855394132423569, 0.4426693283419631, 0.5278328097677671, 0.5758844187328857, 0.6397356656973011, 0.6730450410882112, 0.7141656521051538, 0.7182714011335586, 0.7366268260723396, 0.7729704754553426, 0.7706039767487713, 0.7680459242369948, 0.7947953447267111, 0.7936687872500701, 0.7615229065848886, 0.8057580107554951, 0.800414550004089, 0.7632509145760509, 0.8223402885530048, 0.8270992360228736, 0.8085498451469202, 0.8289672243319453, 0.8335804479146647, 0.8278086401230961, 0.8224695513882015, 0.8167867952186504, 0.84347390323435, 0.7941690446225931, 0.8343935588441301, 0.847144080887182, 0.8302387298411847, 0.8424330862354575, 0.8355975558081679, 0.8560915498981478, 0.8387771346368963, 0.8529497943285651, 0.8406838149368584, 0.8537371688383307, 0.847861192511064, 0.8128819150930874, 0.8537532105681969, 0.8318132885601263, 0.8569718457502713, 0.8579121096717424, 0.8400927264064061, 0.8604376249681371, 0.8633691195077104, 0.8399180610172206, 0.8531966970290111, 0.8512026128320209], "val_acc": [0.2764227642276423, 0.4703026196928636, 0.5540876242095755, 0.5901084010840109, 0.6485998193315267, 0.6845076784101174, 0.7184959349593496, 0.7222222222222222, 0.7345302619692864, 0.7741644083107497, 0.7699864498644986, 0.7731481481481481, 0.7939250225835591, 0.7943766937669376, 0.7650180668473351, 0.8065718157181572, 0.8032971996386631, 0.762646793134598, 0.823170731707317, 0.8287037037037037, 0.8086043360433605, 0.8302845528455285, 0.8342366757000903, 0.8270099367660343, 0.8205736224028907, 0.8179765130984643, 0.8436088527551943, 0.8009259259259259, 0.8363821138211383, 0.8462059620596206, 0.8313008130081301, 0.842479674796748, 0.8363821138211383, 0.8556910569105691, 0.8394308943089431, 0.8535456187895212, 0.8392050587172538, 0.8535456187895212, 0.8471093044263776, 0.8133468834688347, 0.8538843721770552, 0.8301716350496838, 0.8558039747064138, 0.8577235772357723, 0.8423667570009034, 0.860546522131888, 0.8634823848238482, 0.8392050587172538, 0.8536585365853658, 0.8525293586269196]}