{"step": [1, 2, 3, 4, 5, 6, 7, 8, 9, 10, 11, 12, 13, 14, 15, 16, 17, 18, 19, 20, 21, 22, 23, 24, 25, 26, 27, 28, 29, 30, 31, 32, 33, 34, 35, 36, 37, 38, 39, 40, 41, 42, 43, 44, 45, 46, 47, 48, 49, 50], "train_loss": [2.066347413633876, 1.638787588713954, 1.38417784311454, 1.2335101438011546, 1.1107789383215063, 0.9933018297479864, 0.8793160915067199, 0.7936530863045416, 0.7278874518332467, 0.6860859535088603, 0.6448347357835071, 0.610098944190732, 0.5781248090836778, 0.5520978483253219, 0.5251572996500968, 0.5048575591684249, 0.4780063852744698, 0.4569063390402356, 0.4393819619135468, 0.4228096003226082, 0.4030666254899081, 0.38678781544430213, 0.36595935347587083, 0.3559765697863449, 0.33954154909948814, 0.3251663442581923, 0.3108709188306971, 0.2964389053998963, 0.2848251801679993, 0.2709077677667387, 0.26176319822622895, 0.2501577922480394, 0.2386474235442739, 0.22243813155420794, 0.21385578389814885, 0.20472991808103272, 0.19102259955615944, 0.18627709723140187, 0.17315833101008699, 0.16329124123165606, 0.15514696689978072, 0.14435659026894315, 0.13663802601654618, 0.12859229383926735, 0.12121643520645621, 0.10890199813964874, 0.10277633754088629, 0.09954200885657478, 0.0885263704050859, 0.08350308735949113], "train_f1": [0.1733254391741903, 0.3972246448902759, 0.5009421977838671, 0.5544678955103809, 0.6037484522815766, 0.6472503032333556, 0.6893509330006555, 0.7210931160587508, 0.7472672784833303, 0.7597301110221091, 0.7761373506021734, 0.7876147994213819, 0.7997552647100753, 0.8089470749248185, 0.8188092745549757, 0.8249795256612247, 0.8356149365557198, 0.8428875026457637, 0.847842190554651, 0.8540431499780885, 0.8603647639165108, 0.8660262755667881, 0.8730373406437775, 0.8759913654004007, 0.8814211923299111, 0.8866484587796275, 0.8925876409765799, 0.8974042199193739, 0.9004844113652183, 0.9047445324372781, 0.9086425479613588, 0.9129734568483668, 0.9152354880545199, 0.923809435176217, 0.925822648072047, 0.9277150607446396, 0.9331367513313502, 0.935327359005374, 0.939945625344477, 0.9438976743409072, 0.946126870816232, 0.9505099227513477, 0.9539887541478318, 0.9552612659098569, 0.9589227078635634, 0.963219095920866, 0.9646574190929226, 0.9669045804908217, 0.9711689797168277, 0.973201914786064], "train_acc": [0.29994514182451837, 0.4418341992319855, 0.5273806834683274, 0.5730743166930201, 0.6151537642389235, 0.6536190261060376, 0.6931169124528058, 0.7239020297524928, 0.7493626770789635, 0.7613992061699313, 0.7774371551195586, 0.7886992158507857, 0.800638936396786, 0.8098357481687051, 0.8194197941204944, 0.8255832714834296, 0.8361031333699055, 0.8432669656975056, 0.8481719319758624, 0.8542708703088192, 0.860531156216722, 0.8662428603698087, 0.8731485365774952, 0.876181870986479, 0.8816031495046629, 0.8867985414179225, 0.892671593145955, 0.8975765594243118, 0.9006098938332957, 0.9048694698118688, 0.9088063506405498, 0.9130981961341121, 0.9153570621833553, 0.9238762141405015, 0.9258769240698312, 0.9277808254541934, 0.9332021039723774, 0.9354287005066314, 0.9400109716350963, 0.9439478524637774, 0.9461744489980316, 0.9505631030365613, 0.9540159411404047, 0.9553067217399722, 0.9589531769337507, 0.9632450224273129, 0.9646648810868372, 0.9669237471360805, 0.9711833231146536, 0.9732163025589725], "val_loss": [1.9007988053538738, 1.453259625159446, 1.566381860295788, 1.1734571506400402, 1.3507726930539101, 0.9745219517700939, 0.8373433643084571, 0.9420485847263129, 0.7741858742942879, 0.761517288560041, 0.7510017532088696, 0.689003603660673, 0.6050188079852921, 0.6008248970396682, 0.5661120769241657, 0.7609807808046306, 0.569001336659335, 0.5639448609162754, 0.6210111400603388, 0.6002770409472152, 0.4998250313452865, 0.6026993409498503, 0.5407288380585853, 0.575669916420637, 0.521962222074989, 0.5201688039819256, 0.6971316944390858, 0.4667515210027299, 0.4601224716282063, 0.5132720367411414, 0.463176401298399, 0.5515006865351209, 0.44734741421920726, 0.5016528419235768, 0.4557964510220483, 0.46878370500105815, 0.467008540843906, 0.4521420825649362, 0.5302733480661355, 0.5104852264296492, 0.5013113979398128, 0.5009267668270032, 0.4931575083829436, 0.5081040597914143, 0.6095163895066034, 0.5019420943885289, 0.5599654890892738, 0.5222748057237601, 0.5406768960400824, 0.5475036635026604], "val_f1": [0.21797135553319805, 0.4345325986174669, 0.4531004406390265, 0.5598027972791999, 0.5113490592356663, 0.6352639382526629, 0.7032016720788465, 0.6504132821944992, 0.7467160593557062, 0.7383015633058059, 0.7309553447685277, 0.7663548300223756, 0.7862820933580963, 0.7912944792343244, 0.8065419651021095, 0.745665232850488, 0.7993104139297796, 0.8155899575149226, 0.7910369900553146, 0.7987543604160968, 0.8330431768430179, 0.7966403818886596, 0.8209781229872181, 0.8026257564902445, 0.8265098011495802, 0.8305687286721579, 0.7766891702537312, 0.8492347793967584, 0.8487121357543898, 0.8321841312787629, 0.8532584527020419, 0.8274548050121706, 0.8573184063729349, 0.841746073318423, 0.856035515288681, 0.8546902271484325, 0.8625512658807394, 0.8656016957525655, 0.8403313604482334, 0.855257992492337, 0.8604293617363012, 0.8620577865603626, 0.8603073667179124, 0.858165904550544, 0.8428623335906882, 0.8744249800486736, 0.8578992067229925, 0.8710449129685235, 0.867267566681003, 0.8685914731336484], "val_acc": [0.32990738649198104, 0.4871244635193133, 0.4218432346961825, 0.5940817709509826, 0.5254122430539869, 0.6519087418116106, 0.705217980573752, 0.6575559069347188, 0.7439575333182742, 0.7386491981025525, 0.7376327083803931, 0.7677885701377908, 0.7903772306302236, 0.7925231533770047, 0.8076575559069347, 0.7480234922069121, 0.8029139372035239, 0.8164671334989835, 0.7903772306302236, 0.7973797153828778, 0.8340862886830811, 0.7941043596114751, 0.8206460356900835, 0.8066410661847753, 0.8283261802575107, 0.8297944431895189, 0.7769369776372261, 0.8487689180031625, 0.8485430313982381, 0.8340862886830811, 0.8543031398238085, 0.8322791958436865, 0.858143212107522, 0.8439123559972893, 0.8569008357804382, 0.8543031398238085, 0.8634515473232437, 0.8653715834651006, 0.8393946238988028, 0.8552066862435057, 0.8613056245764626, 0.8622091709961599, 0.8610797379715383, 0.8589338152247572, 0.8427829229726678, 0.8742941043596115, 0.8589338152247572, 0.8716964084029817, 0.8676304495143438, 0.8688728258414276]}